{"cash": 89399670.9903997, "normalItem": {"Effortless": 739.0, "common": 293.00000000000045, "Uncomplicated": 4.2, "water": 4.0, "uncommon": 197.10000000000025, "Rare": 101.20000000000002, "Easy": 97.0, "rock": 47.0, "Epic": 3.0, "coal": 5.0, "grass": 3.0, "VeryRare": 4.0, "dirt": 6.0, "air": 4.0, "Straightforward": 2.0}, "specialItem": {}, "extraItem": {"100roll": 1}}