{"cash": 9463612.406183818, "normalItem": {"Rare": 1532.4732875447567, "rock": 11378.445229388633, "common": 2305.9691007873316, "uncommon": 1351.4139984582596, "VeryRare": 2721.4940079411253, "dirt": 1050.1072099696478, "water": 1875.331929865583, "coal": 1928.1175099262873, "air": 1961.4185399219514, "grass": 1264.7092699609757, "Epic": 1424.1630628608316, "Line": 332.60205999132796, "iron": 318.60205999132796, "lengendery": 2.0, "Straightforward": 577.4643259817888, "Painless": 54919.51775876775, "Manageable": 156.5771069700815, "Uncomplicated": 4772.337455673936, "Easy": 52833.396502588424, "Effortless": 2498.7768582635786, "Undemanding": 12.599999999999998, "Challenging": 1, "Mild": 29.46329598612474, "A bit difficult": 3.0, "Fairly easy": 3.5999999999999996}, "specialItem": {"1K": 1, "CURV": 1, "2025HappyNewYear": 1, "watermelon": 1, "error-1": 1, "666666": 1}, "extraItem": {"100roll": 1, "10000roll": 1, "10Htimeplayed": 1, "2025HappyNewYear": 1}}