{"cash": 7210400.508683771, "normalItem": {"Rare": 1330, "rock": 11290, "common": 2236.349952913209, "uncommon": 1106, "VeryRare": 1923.500000000024, "dirt": 767, "water": 1434, "coal": 1499, "air": 1552, "grass": 1081.0, "Epic": 915.8000000000056, "Line": 295, "iron": 270, "lengendery": 2.0}, "specialItem": {"1K": 1, "CURV": 1, "2025HappyNewYear": 1, "watermelon": 1, "error-1": 1, "666666": 1}, "extraItem": {"100roll": 1, "10000roll": 1, "10Htimeplayed": 1}}